<?xml version="1.0" encoding="UTF-8"?>
<!DOCTYPE fontscolors PUBLIC "-//NetBeans//DTD Editor Fonts and Colors settings 1.1//EN" "http://www.netbeans.org/dtds/EditorFontsColors-1_1.dtd">
<fontscolors>
    <fontcolor default="default" foreColor="fff78c6c" name="constant"/>
    <fontcolor default="string" foreColor="ffc3e88d" name="string"/>
    <fontcolor default="default" foreColor="fff4bf75" name="mod-class"/>
    <fontcolor name="mod-unused" waveUnderlined="ff999999"/>
    <fontcolor default="operator" name="operator"/>
    <fontcolor default="number" foreColor="fff78c6c" name="number"/>
    <fontcolor default="default" foreColor="ff89ddff" name="phpopenclose"/>
    <fontcolor name="mod-deprecated" strikeThrough="black"/>
    <fontcolor default="method" foreColor="ff82aaff" name="mod-custom1"/>
    <fontcolor default="comment" name="mod-annotation-type">
        <font style="bold"/>
    </fontcolor>
    <fontcolor default="inferred" name="inferred"/>
    <fontcolor default="comment" foreColor="ff89ddff" name="phpdockeyword"/>
    <fontcolor default="keyword" foreColor="ffc792ea" name="keyword">
        <font style="italic"/>
    </fontcolor>
    <fontcolor default="identifier" name="identifier"/>
    <fontcolor default="field" foreColor="fffffcfd" name="mod-field"/>
    <fontcolor default="comment" name="htmltag"/>
    <fontcolor default="default" name="mod-method"/>
    <fontcolor default="separator" foreColor="ff89ddff" name="separator"/>
    <fontcolor default="default" foreColor="ff82aaff" name="heredocdelimiter"/>
    <fontcolor default="uncovered" name="uncovered"/>
    <fontcolor default="default" foreColor="ffff5370" name="mod-static"/>
    <fontcolor default="covered" name="covered"/>
    <fontcolor foreColor="white" name="variable"/>
    <fontcolor default="comment" name="comment">
        <font name="Ubuntu Mono" size="18" style="italic"/>
    </fontcolor>
    <fontcolor default="partial" name="partial"/>
    <fontcolor default="comment" name="commentline"/>
</fontscolors>
