<?xml version="1.0" encoding="UTF-8"?>
<!DOCTYPE fontscolors
PUBLIC "-//NetBeans//DTD Editor Fonts and Colors settings 1.1//EN"
       "http://www.netbeans.org/dtds/EditorFontsColors-1_1.dtd">
<fontscolors>
 <fontcolor name="char" default="default" foreColor="ff90a959">
  <font name="Consolas" size="14"/>
 </fontcolor>
 <fontcolor name="comment" default="default" foreColor="ffb0b0b0">
  <font name="Consolas" size="14"/>
 </fontcolor>
 <fontcolor name="default" default="default" foreColor="ff82AAFF" bgColor="ff202020">
  <font name="Ubuntu Mono" size="15"/>
 </fontcolor>
 <fontcolor name="entity-reference" default="default"/>
 <fontcolor name="field" default="default" foreColor="fff4bf75"/>
 <fontcolor name="identifier" default="default" foreColor="ffffffff"/>
 <fontcolor name="keyword" default="default" foreColor="ffaa759f"/>
 <fontcolor name="method" default="identifier" foreColor="ff6a9fb5"/>
 <fontcolor name="number" default="default" foreColor="ffF78C6C"/>
 <fontcolor name="operator" default="default" foreColor="ff89DDFF"/>
 <fontcolor name="separator" default="default" foreColor="ff89DDFF">
  <font name="Ubuntu Mono" size="14"/>
 </fontcolor>
 <fontcolor name="string" default="default" foreColor="ffC3E88D"/>
 <fontcolor name="url" default="default"/>
 <fontcolor name="error" default="default" waveUnderlined="ffFF5370"/>
 <fontcolor name="warning" default="default" waveUnderlined="fffced0d"/>
</fontscolors>
