<?xml version="1.0" encoding="UTF-8"?>
<!DOCTYPE fontscolors PUBLIC "-//NetBeans//DTD Editor Fonts and Colors settings 1.1//EN" "http://www.netbeans.org/dtds/EditorFontsColors-1_1.dtd">
<fontscolors>
    <fontcolor name="mark-occurrences"/>
    <fontcolor default="default" foreColor="white" name="identifier"/>
    <fontcolor default="field" name="markup-attribute"/>
    <fontcolor default="default" foreColor="ffc3e88d" name="string"/>
    <fontcolor default="identifier" foreColor="ff6a9fb5" name="method"/>
    <fontcolor default="keyword" name="markup-element"/>
    <fontcolor default="string" name="markup-attribute-value"/>
    <fontcolor default="default" name="error" waveUnderlined="ffff5370"/>
    <fontcolor default="default" name="entity-reference"/>
    <fontcolor default="default" foreColor="ff89ddff" name="separator">
        <font name="Ubuntu Mono" size="14" style="plain"/>
    </fontcolor>
    <fontcolor default="default" name="url"/>
    <fontcolor default="default" foreColor="ff89ddff" name="operator"/>
    <fontcolor default="default" foreColor="fff78c6c" name="number"/>
    <fontcolor bgColor="ff202020" default="default" foreColor="ff82aaff" name="default" underline="ffff5370">
        <font name="Ubuntu Mono" size="18"/>
    </fontcolor>
    <fontcolor default="default" foreColor="fff4bf75" name="field"/>
    <fontcolor default="default" foreColor="ff90a959" name="char">
        <font name="Consolas" size="14" style="plain"/>
    </fontcolor>
    <fontcolor default="default" name="warning" waveUnderlined="fffced0d"/>
    <fontcolor default="default" foreColor="ffb0b0b0" name="comment">
        <font name="Consolas" size="14" style="plain"/>
    </fontcolor>
    <fontcolor foreColor="black" name="whitespace"/>
    <fontcolor default="default" foreColor="ffaa759f" name="keyword"/>
</fontscolors>
