<?xml version="1.0" encoding="UTF-8"?>
<!DOCTYPE fontscolors
PUBLIC "-//NetBeans//DTD Editor Fonts and Colors settings 1.1//EN"
       "http://www.netbeans.org/dtds/EditorFontsColors-1_1.dtd">
<fontscolors>
 <fontcolor name="mod-class" default="default" foreColor="ffF4BF75">
  <font name="Consolas" size="14"/>
 </fontcolor>
 <fontcolor name="comment" default="comment">
  <font name="Andale Mono" size="14" style="italic"/>
 </fontcolor>
 <fontcolor name="phpdockeyword" default="comment" foreColor="ff89DDFF"/>
 <fontcolor name="mod-field" default="field" foreColor="fffffcfd"/>
 <fontcolor name="heredocdelimiter" default="default" foreColor="ff82AAFF"/>
 <fontcolor name="htmltag" default="comment"/>
 <fontcolor name="identifier" default="identifier" foreColor="ffffffff"/>
 <fontcolor name="keyword" default="keyword" foreColor="ffC792EA">
  <font name="Consolas" size="14" style="italic"/>
 </fontcolor>
 <fontcolor name="constant" default="default" foreColor="fff78c6c"/>
 <fontcolor name="mod-method" default="default" foreColor="ff82AAFF"/>
 <fontcolor name="number" default="number" foreColor="ffF78C6C"/>
 <fontcolor name="phpopenclose" default="default" foreColor="ff89DDFF"/>
 <fontcolor name="operator" default="operator" foreColor="ff89DDFF">
  <font name="Consolas" size="14" style="bold"/>
 </fontcolor>
 <fontcolor name="PHP_STRING" default="identifier" foreColor="ff82AAFF"/>
 <fontcolor name="separator" default="separator" foreColor="ff89DDFF"/>
 <fontcolor name="mod-static" default="default" foreColor="ffFF5370"/>
 <fontcolor name="string" default="string" foreColor="ffC3E88D"/>
 <fontcolor name="PHP_VARIABLE" default="default" foreColor="ffffffff"/>
 <fontcolor name="mark-occurrences" default="default" foreColor="ffe0e0e0" bgColor="ff505050"/>
</fontscolors>
