<?xml version="1.0" encoding="UTF-8"?>
<!DOCTYPE fontscolors
PUBLIC "-//NetBeans//DTD Editor Fonts and Colors settings 1.1//EN"
       "http://www.netbeans.org/dtds/EditorFontsColors-1_1.dtd">
<fontscolors>
 <fontcolor name="mod-class" default="default" foreColor="ffFFCB6B"/>
 <fontcolor name="mod-global" default="field" foreColor="ffF78C6C">
  <font name="Ubuntu Mono" size="16"/>
 </fontcolor>
 <fontcolor name="IDENTIFIER" default="identifier" foreColor="ffffffff"/>
 <fontcolor name="keyword" default="keyword"/>
 <fontcolor name="mod-method" default="default" foreColor="ff82AAFF"/>
 <fontcolor name="FLOAT_LITERAL" default="number"/>
 <fontcolor name="ANY_OPERATOR" default="operator"/>
 <fontcolor name="mod-regexp" default="default" foreColor="fffefefe"/>
 <fontcolor name="mark-occurrences" default="default" foreColor="ffe0e0e0" bgColor="ff505050"/>
</fontscolors>
