<?xml version="1.0" encoding="UTF-8"?>
<!DOCTYPE fontscolors PUBLIC "-//NetBeans//DTD Editor Fonts and Colors settings 1.1//EN" "http://www.netbeans.org/dtds/EditorFontsColors-1_1.dtd">
<fontscolors>
    <fontcolor bgColor="ffeceba3" name="mark-occurrences"/>
    <fontcolor default="default" foreColor="ff75b5aa" name="identifier"/>
    <fontcolor default="field" name="markup-attribute"/>
    <fontcolor default="default" foreColor="ff90a959" name="string"/>
    <fontcolor default="identifier" foreColor="ff6a9fb5" name="method"/>
    <fontcolor default="keyword" name="markup-element"/>
    <fontcolor default="string" name="markup-attribute-value"/>
    <fontcolor default="default" name="error"/>
    <fontcolor default="default" name="entity-reference"/>
    <fontcolor default="default" name="separator"/>
    <fontcolor default="default" name="url"/>
    <fontcolor default="default" name="operator"/>
    <fontcolor default="default" foreColor="ffd28445" name="number"/>
    <fontcolor bgColor="ff202020" default="default" foreColor="white" name="default">
        <font name="Consolas" size="14" style="plain"/>
    </fontcolor>
    <fontcolor default="default" foreColor="fff4bf75" name="field"/>
    <fontcolor default="default" foreColor="ff90a959" name="char">
        <font name="Consolas" size="14" style="plain"/>
    </fontcolor>
    <fontcolor default="default" name="warning"/>
    <fontcolor default="default" foreColor="ffb0b0b0" name="comment">
        <font name="Consolas" size="14" style="plain"/>
    </fontcolor>
    <fontcolor foreColor="black" name="whitespace"/>
    <fontcolor default="default" foreColor="ffaa759f" name="keyword"/>
</fontscolors>
