<?xml version="1.0" encoding="UTF-8"?>
<!DOCTYPE fontscolors PUBLIC "-//NetBeans//DTD Editor Fonts and Colors settings 1.1//EN" "http://www.netbeans.org/dtds/EditorFontsColors-1_1.dtd">
<fontscolors>
    <fontcolor default="number" name="number"/>
    <fontcolor default="separator" name="flag"/>
    <fontcolor default="keyword" foreColor="ffc3e88d" name="tagparam"/>
    <fontcolor default="string" name="string"/>
    <fontcolor default="keyword" foreColor="white" name="directiveparam"/>
    <fontcolor default="identifier" foreColor="ffffcb6b" name="variable"/>
    <fontcolor default="comment" name="comment"/>
    <fontcolor default="keyword" name="tag"/>
    <fontcolor default="error" name="error" waveUnderlined="ffff5370"/>
    <fontcolor default="whitespace" name="whitespace"/>
    <fontcolor default="keyword" foreColor="ff82aaff" name="directive"/>
</fontscolors>
