<?xml version="1.0" encoding="UTF-8"?>
<!DOCTYPE fontscolors
PUBLIC "-//NetBeans//DTD Editor Fonts and Colors settings 1.1//EN"
       "http://www.netbeans.org/dtds/EditorFontsColors-1_1.dtd">
<fontscolors>
 <fontcolor name="braces" default="separators" foreColor="ff89DDFF"/>
 <fontcolor name="comments" default="comment"/>
 <fontcolor name="hashes" default="numbers" foreColor="ffFFCB6B"/>
 <fontcolor name="identifiers" default="identifier"/>
 <fontcolor name="keywords" default="keyword"/>
 <fontcolor name="numbers" default="number" foreColor="ffFFCB6B"/>
 <fontcolor name="operators" default="operator" foreColor="ffFFCB6B"/>
 <fontcolor name="mod-custom1" default="default" foreColor="fffcfcfc"/>
 <fontcolor name="mod-method" default="default" foreColor="ffFF5370"/>
 <fontcolor name="separators" default="separator"/>
 <fontcolor name="strings" default="string" foreColor="ffC3E88D"/>
 <fontcolor name="uris" default="strings" foreColor="ff82AAFF"/>
 <fontcolor name="mod-custom2" default="default" foreColor="ffC792EA"/>
 <fontcolor name="mark-occurrences" default="default" foreColor="ffe0e0e0" bgColor="ff505050"/>
</fontscolors>
